Enter password: ***
Welcome to the MySQL monitor.  Commands end with ; or \g.
Your MySQL connection id is 44
Server version: 5.5.62 MySQL Community Server (GPL)

Copyright (c) 2000, 2018, Oracle and/or its affiliates. All rights reserved.

Oracle is a registered trademark of Oracle Corporation and/or its
affiliates. Other names may be trademarks of their respective
owners.

Type 'help;' or '\h' for help. Type '\c' to clear the current input statement.

mysql> use sse;
Database changed
mysql> show tables;
+---------------+
| Tables_in_sse |
+---------------+
| student       |
| studentdept   |
+---------------+
2 rows in set (0.00 sec)

mysql> select* from student;
+-----+-------+----------------+---------+-------+
| id  | name  | address        | subject | marks |
+-----+-------+----------------+---------+-------+
| 120 | mohan | narasimhapuram | PDSD    |    35 |
+-----+-------+----------------+---------+-------+
1 row in set (0.00 sec)

mysql> select * from student group by marks;
+-----+-------+----------------+---------+-------+
| id  | name  | address        | subject | marks |
+-----+-------+----------------+---------+-------+
| 120 | mohan | narasimhapuram | PDSD    |    35 |
+-----+-------+----------------+---------+-------+
1 row in set (0.00 sec)

mysql> select * from student group by subject ;
+-----+-------+----------------+---------+-------+
| id  | name  | address        | subject | marks |
+-----+-------+----------------+---------+-------+
| 120 | mohan | narasimhapuram | PDSD    |    35 |
+-----+-------+----------------+---------+-------+
1 row in set (0.00 sec)

mysql> select *from student group by address;
+-----+-------+----------------+---------+-------+
| id  | name  | address        | subject | marks |
+-----+-------+----------------+---------+-------+
| 120 | mohan | narasimhapuram | PDSD    |    35 |
+-----+-------+----------------+---------+-------+
1 row in set (0.00 sec)

mysql>
