Enter password: *****
Welcome to the MySQL monitor.  Commands end with ; or \g.
Your MySQL connection id is 24
Server version: 5.5.62 MySQL Community Server (GPL)

Copyright (c) 2000, 2018, Oracle and/or its affiliates. All rights reserved.

Oracle is a registered trademark of Oracle Corporation and/or its
affiliates. Other names may be trademarks of their respective
owners.

Type 'help;' or '\h' for help. Type '\c' to clear the current input statement.

mysql> use sse;
Database changed
mysql> show tables;
+---------------+
| Tables_in_sse |
+---------------+
| student       |
| studentdept   |
+---------------+
2 rows in set (0.03 sec)

mysql> select*from student;
+-------------+-----+--------+-------+---------+---------+
| name        | id  | gender | marks | address | subject |
+-------------+-----+--------+-------+---------+---------+
| vyshu       | 110 | fl     |    94 | delhi   | OS      |
| purushotham | 120 | m      |    90 | kadapa  | dbms    |
| ram         | 130 | Ml     |    92 | goa     | mpms    |
| supriya     | 131 | f      |    98 | goa     | pdsd    |
| prasad      | 140 | Ma     |    99 | punjub  | ethics  |
+-------------+-----+--------+-------+---------+---------+
5 rows in set (0.00 sec)

mysql> select name, id  from student where name in(select name from student where subject="dbms");
+-------------+-----+
| name        | id  |
+-------------+-----+
| purushotham | 120 |
+-------------+-----+
1 row in set (0.02 sec)

mysql> create table student1(dept varchar(10),name varchar(20));
Query OK, 0 rows affected (0.02 sec)

mysql> insert into student1(dept,name)
    -> select subject,name
    -> from student where subject="mpms";
Query OK, 1 row affected (0.00 sec)
Records: 1  Duplicates: 0  Warnings: 0

mysql> select*from student;
+-------------+-----+--------+-------+---------+---------+
| name        | id  | gender | marks | address | subject |
+-------------+-----+--------+-------+---------+---------+
| vyshu       | 110 | fl     |    94 | delhi   | OS      |
| purushotham | 120 | m      |    90 | kadapa  | dbms    |
| ram         | 130 | Ml     |    92 | goa     | mpms    |
| supriya     | 131 | f      |    98 | goa     | pdsd    |
| prasad      | 140 | Ma     |    99 | punjub  | ethics  |
+-------------+-----+--------+-------+---------+---------+
5 rows in set (0.00 sec)

mysql> select*from student1;
+------+------+
| dept | name |
+------+------+
| mpms | ram  |
+------+------+
1 row in set (0.00 sec)

mysql> select id,(select name from student1 where marks=99)as name,id,gender,address,marks,subject from student where id=120;
+-----+------+-----+--------+---------+-------+---------+
| id  | name | id  | gender | address | marks | subject |
+-----+------+-----+--------+---------+-------+---------+
| 120 | purushotham | 120 | m      | kadapa  |    90 | dbms    |
+-----+------+-----+--------+---------+-------+---------+
1 row in set (0.00 sec)

mysql> select id,(select name from student1 where marks=99)as name,id,gender,address,marks,subject from student where id=120;
+-----+------+-----+--------+---------+-------+---------+
| id  | name | id  | gender | address | marks | subject |
+-----+------+-----+--------+---------+-------+---------+
| 120 | purushotham | 120 | m      | kadapa  |    90 | dbms    |
+-----+------+-----+--------+---------+-------+---------+
1 row in set (0.00 sec)

mysql>
